,run,feature_extractor,split,acc_at_1,acc_at_5,acc_at_10,map_at_1,map_at_5,map_at_10,map_at_100,map_at_r,avg_ndcg,avg_ndcg_at_5,avg_ndcg_at_10,avg_ndcg_at_100,mrr
0,synthnet_topex_printer,vit_in21k,traintest_full,0.2941176470588235,0.629448075526507,0.7657952069716776,0.2941176470588235,0.4154169692568398,0.4340625756475449,0.4379108553930233,0.2941176470588235,0.5261380102336415,0.4686164966455595,0.5131574295038656,0.5261380102336415,0.6229144864750382
1,synthnet_topex_printer,dino_vitb16_in1k,traintest_full,0.0107386918320859,0.0429547673283436,0.0862349495606898,0.0107386918320859,0.021005532053368,0.026545333395317,0.0323881620522798,0.0107386918320859,0.0627983360093478,0.0263671730954354,0.0401260335099192,0.0627983360093478,0.8534099648508782
2,synthnet_topex_printer,vit_in21k_finetuned,traintest_full,0.0049019607843137,0.0236020334059549,0.0288671023965141,0.0049019607843137,0.0114469862018881,0.012223922490807,0.012223922490807,0.0049019607843137,0.0162296730470764,0.0144531376517011,0.0162296730470764,0.0162296730470764,0.9833568200941938
3,modelnet10,vit_in21k,traintest_full,0.7772232929515418,0.9263491189427312,0.95897577092511,0.7772232929515419,0.678691377569744,0.628975693078714,0.4270355815144912,0.2549958034661584,0.7448226630679182,0.7366865206847627,0.7108258325365315,0.5664436977429688,0.8430472466505842
4,synthnet_mi3dor_multi,vit_in21k,traintest_full,0.5237894989787336,0.7088790099723657,0.7719572269614322,0.5237894989787336,0.5143049381232805,0.4894004875569572,0.3526700516191999,0.2437716790974143,0.4525011956156391,0.5583943575257734,0.5523091963709883,0.4425188693147822,0.6977243712853902
5,mi3dor_trainsynth_testreal_resize,vit_in21k,traintest_full,0.6804761904761905,0.7934285714285715,0.8241904761904761,0.6804761904761905,0.6029034920634926,0.5566661035525273,0.3332392680514032,0.2352676533086272,0.4518041029170972,0.6433361092535793,0.6124942388045408,0.4260987563323477,0.7319089626570746
